SNP,regression,beta,P(Z = 2),P(Z = 1),P(Z = 0),p_outcome,beta0,xy_given_z0,xy_given_z1,xy_given_z2
rs10173733,exposure,-0.00651484,0.3562118515668055,0.481246019305231,0.16254212912796354,0.5422984326088528,0.1773765717035401,0.5442282429536436,0.5426118168365867,0.5409944930040694
rs10173733,outcome,0.00333633,0.3562118515668055,0.481246019305231,0.16254212912796354,0.12098548174219094,-1.9871224580882012,0.1205616252566666,0.1209158127640062,0.12127089732232074
rs10193706,exposure,-0.0117667,0.22541957984868183,0.49872827834731115,0.275852141804007,0.5422984326088528,0.18077532566320378,0.5450711554947757,0.5421518689473738,0.5392296851318826
rs10193706,outcome,-0.00153101,0.22541957984868183,0.49872827834731115,0.275852141804007,0.12098548174219094,-1.9816839771349877,0.12113943939980434,0.12097653543930155,0.12081382043177424
rs10233018,exposure,-0.00765512,0.24583067910605902,0.4999649405639058,0.2542043803300352,0.5422984326088528,0.17719139610863086,0.544182310907785,0.5422828411238926,0.5403821413062637
rs10233018,outcome,0.00504951,0.24583067910605902,0.4999649405639058,0.2542043803300352,0.12098548174219094,-1.9881501329010896,0.12045270695390688,0.12098869759787037,0.1215267437520337
rs10274594,exposure,0.00783264,0.25405098842945567,0.4999674422377215,0.24598156933282292,0.5422984326088528,0.16170462237958838,0.5403382954381606,0.5422830859283283,0.5442265886682821
rs10274594,outcome,-0.00153638,0.25405098842945567,0.4999674422377215,0.24598156933282292,0.12098548174219094,-1.9815889904740787,0.12114955248777547,0.12098606570746216,0.12082276921609152
rs1029986,exposure,-0.00702078,0.17239797774366553,0.48562075374645003,0.3419812685098845,0.5422984326088528,0.17543032482209503,0.5437454469535044,0.5420031594211654,0.5402598440063712
rs1029986,outcome,0.00354983,0.17239797774366553,0.48562075374645003,0.3419812685098845,0.12098548174219094,-1.9860879880570839,0.12067134957281786,0.121048528730637,0.12142672402715247
rs10774625,exposure,0.00748682,0.24573324500018434,0.4999632755406591,0.25430347945915655,0.5422984326088528,0.1621776981467226,0.5404557923570329,0.5423146721846972,0.5441723745959334
rs10774625,outcome,-0.0084158,0.24573324500018434,0.4999632755406591,0.25430347945915655,0.12098548174219094,-1.9748063557935571,0.12187357313367907,0.12097577311752276,0.12008368244682156
rs10813628,exposure,-0.00687611,0.2349573680418136,0.49953328839589817,0.2655093435622882,0.5422984326088528,0.17626617008207254,0.5439528011475483,0.542246548303604,0.5405393038702114
rs10813628,outcome,0.00517057,0.2349573680418136,0.49953328839589817,0.2655093435622882,0.12098548174219094,-1.988155735704102,0.1204521133726341,0.12100097705805313,0.12155199611396117
rs10897561,exposure,-0.00669175,0.4140370825036186,0.4588401017621052,0.12712281573427606,0.5422984326088528,0.17821171788430992,0.5444353881747221,0.5427751760903842,0.5411140132966428
rs10897561,outcome,0.00668348,0.4140370825036186,0.4588401017621052,0.12712281573427606,0.12098548174219094,-1.9917473478819794,0.12007212416623181,0.12078006095662824,0.12149159539606712
rs10905461,exposure,0.00727309,0.06544739470279945,0.3807589790855535,0.5537936262116471,0.5422984326088528,0.16587871414718133,0.5413748503537328,0.5431801210038301,0.5449842581139273
rs10905461,outcome,-0.00588436,0.06544739470279945,0.3807589790855535,0.5537936262116471,0.12098548174219094,-1.9801314020675376,0.12130483105245064,0.12067901366628805,0.12005598377568226
rs10914684,exposure,0.00773564,0.45705497721036803,0.4380068707247363,0.10493815206489553,0.5422984326088528,0.15914079028730424,0.5397014437117178,0.5416225611740725,0.5435424419289384
rs10914684,outcome,-0.00260467,0.45705497721036803,0.4380068707247363,0.10493815206489553,0.12098548174219094,-1.9796164154252012,0.12135973416885536,0.121082267975052,0.12080534893457805
rs10956808,exposure,0.00762466,0.33376434935493055,0.4879181401450133,0.17831751050005606,0.5422984326088528,0.16079048000527638,0.5401112389601316,0.5420045483452463,0.5438966453826068
rs10956808,outcome,-0.0063546,0.33376434935493055,0.4879181401450133,0.17831751050005606,0.12098548174219094,-1.9758017761042441,0.12176708293972058,0.1210891545973525,0.12041448307031899
rs11103667,exposure,-0.00860468,0.652820659995239,0.3103050404995465,0.03687429950521458,0.5422984326088528,0.18350481226317839,0.5457478987671054,0.543613910376543,0.5414783196922536
rs11103667,outcome,0.00631184,0.652820659995239,0.3103050404995465,0.03687429950521458,0.12098548174219094,-1.9933429965613494,0.11990363838664017,0.12057130597517392,0.12124217921540462
rs11127913,exposure,0.00818013,0.3717426310202957,0.47592874644101646,0.15232862253868784,0.5422984326088528,0.15962555247191237,0.5398218678534564,0.5418532554094423,0.5438832524969432
rs11127913,outcome,-0.00339692,0.3717426310202957,0.47592874644101646,0.15232862253868784,0.12098548174219094,-1.9789968710468175,0.12142581264452235,0.12106388961198815,0.12070289712672876
rs11429972,exposure,0.00831478,0.11281921810838495,0.4461330073810804,0.4410477745105346,0.5422984326088528,0.164014844210319,0.540912038031037,0.5429761017613299,0.5450386908950596
rs11429972,outcome,-0.00961294,0.11281921810838495,0.4461330073810804,0.4410477745105346,0.12098548174219094,-1.9766947199827043,0.12167162389272124,0.1206480421764732,0.11963189864373801
rs11611651,exposure,-0.0119868,0.832380797068477,0.1599365146673239,0.007682688264199216,0.5422984326088528,0.1914724012481707,0.5477223907347916,0.5447513258017109,0.5417770716879043
rs11611651,outcome,0.00130591,0.832380797068477,0.1599365146673239,0.007682688264199216,0.12098548174219094,-1.9855207592471062,0.12073155104590268,0.12087024917744091,0.12100908471847112
rs11631530,exposure,-0.00998634,0.7779345039758259,0.20814290127779092,0.0139225947463832,0.5422984326088528,0.18721603796575417,0.5466677808448125,0.544191811587828,0.5417136560221135
rs11631530,outcome,-0.00478871,0.7779345039758259,0.20814290127779092,0.0139225947463832,0.12098548174219094,-1.9746910666987731,0.12188591195721334,0.12137430492174349,0.12086454974382822
rs11646575,exposure,-0.00824462,0.3149600474933093,0.4925059337445567,0.19253401876213397,0.5422984326088528,0.1788545308961169,0.544594817631613,0.5425493182123124,0.5405023831630191
rs11646575,outcome,0.00123192,0.3149600474933093,0.4925059337445567,0.19253401876213397,0.12098548174219094,-1.9845206716848223,0.1208377560596296,0.12096869144688248,0.12109974916819946
rs11693702,exposure,-0.00802543,0.28490953325221147,0.49771928550399364,0.21737118124379493,0.5422984326088528,0.17816794878398826,0.5444245323007814,0.5424333140668622,0.540440739177038
rs11693702,outcome,0.00462237,0.28490953325221147,0.49771928550399364,0.21737118124379493,0.12098548174219094,-1.9880766531665877,0.12046049189716007,0.12095109071688788,0.12144341171158939
rs117435980,exposure,-0.00920368,0.6998025576405952,0.27347893238718085,0.026718509972223938,0.5422984326088528,0.18499864894783846,0.546118206156298,0.5438359087345517,0.5415517689890793
rs117435980,outcome,-0.00548043,0.6998025576405952,0.27347893238718085,0.026718509972223938,0.12098548174219094,-1.9739704214769938,0.12196306344472514,0.12137738961589149,0.12079414131161105
rs12042107,exposure,0.00717593,0.2025947666099501,0.4950210346139819,0.30238419877606804,0.5422984326088528,0.1631403982005623,0.540694882416846,0.5424764531439061,0.5442569381323529
rs12042107,outcome,-0.00205568,0.2025947666099501,0.4950210346139819,0.30238419877606804,0.12098548174219094,-1.9812875357959372,0.12118165273809059,0.12096290011063321,0.12074448811254533
rs12244388,exposure,-0.0104344,0.44041430591667713,0.44644574701891737,0.11313994706440562,0.5422984326088528,0.18345051037960367,0.5457344369095694,0.5431464503688321,0.5405561325387048
rs12244388,outcome,0.00193546,0.44041430591667713,0.44644574701891737,0.11313994706440562,0.12098548174219094,-1.9857073062385948,0.12071174946831029,0.12091733086398539,0.12112321415093348
rs12450028,exposure,-0.00706256,0.42935489701096896,0.4517937687522637,0.11885133423676732,0.5422984326088528,0.17885560329782152,0.5445950835993435,0.5428429445013798,0.5410897447593626
rs12450028,outcome,-0.00245359,0.42935489701096896,0.4517937687522637,0.11885133423676732,0.12098548174219094,-1.979922732487844,0.12132707489416049,0.12106574840865798,0.12080490740776183
rs12479064,exposure,-0.00803624,0.6268375244622764,0.32978638030228674,0.04337609523543677,0.5422984326088528,0.18232511593183365,0.5454554278852818,0.5434622549708037,0.5414676892539402
rs12479064,outcome,-0.00885995,0.6268375244622764,0.32978638030228674,0.04337609523543677,0.12098548174219094,-1.969116493406109,0.1224838157955135,0.12153471554283597,0.12059195899167417
rs12487411,exposure,0.00750479,0.2788384155377408,0.4984262236265504,0.22273536083570877,0.5422984326088528,0.16167452484966294,0.5403308200206449,0.5421942376619061,0.5440564755467505
rs12487411,outcome,-0.00779801,0.2788384155377408,0.4984262236265504,0.22273536083570877,0.12098548174219094,-1.9749126062979494,0.12186220261846903,0.12103018110028858,0.12020306266497002
rs12608052,exposure,0.00675418,0.2306302128117631,0.4992190646557053,0.2701507225325316,0.5422984326088528,0.16311287901715485,0.5406880481871302,0.5423649443154737,0.5440408810663232
rs12608052,outcome,-0.00481002,0.2306302128117631,0.4992190646557053,0.2701507225325316,0.12098548174219094,-1.9785214429007771,0.12147654120195274,0.12096414981184891,0.12045362337127141
rs12725407,exposure,0.00813858,0.654688633744375,0.3088793669723913,0.03643199928323367,0.5422984326088528,0.15642972967179664,0.5390278796589588,0.541049474893218,0.5430697198190426
rs12725407,outcome,-0.00679975,0.654688633744375,0.3088793669723913,0.03643199928323367,0.12098548174219094,-1.9721380235664394,0.1221594273779872,0.121432117398432,0.12070854222510938
rs12886628,exposure,-0.00710101,0.11245215118925997,0.4457734181080338,0.4417744307027063,0.5422984326088528,0.1743625791786245,0.54348054150087,0.5417181771338561,0.5399547682919694
rs12886628,outcome,-0.00185953,0.11245215118925997,0.4457734181080338,0.4417744307027063,0.12098548174219094,-1.9818907929069036,0.121117422550928,0.12091961873381961,0.12072209358850011
rs12910916,exposure,-0.00901384,0.6206504818555844,0.33432650730548547,0.04502301083893017,0.5422984326088528,0.18380274318404788,0.5458217569593521,0.5435863145498888,0.5413491149404336
rs12910916,outcome,0.0026458,0.6206504818555844,0.33432650730548547,0.04502301083893017,0.12098548174219094,-1.9873076558094283,0.12054199076660892,0.12082275802688365,0.12110408919923625
rs13100688,exposure,0.00726633,0.39329136318760843,0.46767619934563825,0.1390324374667532,0.5422984326088528,0.16048635449823606,0.540035695973439,0.5418400987231278,0.5436434046477484
rs13100688,outcome,-0.00554641,0.39329136318760843,0.46767619934563825,0.1390324374667532,0.12098548174219094,-1.9761855687169565,0.12172604616879908,0.12113432901988859,0.12054509345292903
rs1492546,exposure,-0.00688013,0.20228940482780375,0.4949530793351136,0.30275751583708266,0.5422984326088528,0.1757890270494465,0.5438344346774437,0.5421271138857029,0.5404188031111454
rs1492546,outcome,0.00406384,0.20228940482780375,0.4949530793351136,0.30275751583708266,0.12098548174219094,-1.9867965653686073,0.12059618280049306,0.12102782911557394,0.12146080702125225
rs1499982,exposure,-0.0114648,0.022107063474502156,0.25315475827271594,0.724738178252782,0.5422984326088528,0.17300980632054747,0.5431448860893809,0.5402986508919799,0.5374497844954967
rs1499982,outcome,0.00248922,0.022107063474502156,0.25315475827271594,0.724738178252782,0.12098548174219094,-1.9838783875157466,0.12090600637461844,0.12117082971609862,0.1214361529798158
rs1549213,exposure,0.00852701,0.1285981710831093,0.4600154008584179,0.4113864280584728,0.5422984326088528,0.16348491535797863,0.5407804399601107,0.542897262744892,0.545012537499611
rs1549213,outcome,0.00563351,0.1285981710831093,0.4600154008584179,0.4113864280584728,0.12098548174219094,-1.9871839134210623,0.12055510951354138,0.12115366100160359,0.12175477284593378
rs1561195,exposure,-0.00789474,0.2279701396491481,0.49898409393583193,0.27304576641502,0.5422984326088528,0.1771393329892673,0.5441693967294379,0.542210440933995,0.540250179103465
rs1561195,outcome,0.00722323,0.2279701396491481,0.49898409393583193,0.27304576641502,0.12098548174219094,-1.9900458109450225,0.12025201597628586,0.12101827059643627,0.12178873191545495
rs1565735,exposure,0.0115901,0.6376077559504003,0.32179138345112657,0.04060086059847315,0.5422984326088528,0.15109153398785677,0.5377011884959628,0.540580948985839,0.5434580018622178
rs1565735,outcome,-0.0072487,0.6376077559504003,0.32179138345112657,0.04060086059847315,0.12098548174219094,-1.971566481681077,0.12222073076724059,0.12144519688722807,0.12067390751834149
rs16951001,exposure,-0.00660348,0.33801233990443674,0.48675189357818394,0.17523576651737932,0.5422984326088528,0.17727841003981398,0.544203894449731,0.5425654552400379,0.5409260947093076
rs16951001,outcome,0.0070226,0.33801233990443674,0.48675189357818394,0.17523576651737932,0.12098548174219094,-1.9913132731935126,0.1201179938085719,0.1208621923085875,0.12161036427814784
rs17003752,exposure,0.0098606,0.7420668511885775,0.2387323413866398,0.01920080742478273,0.5422984326088528,0.15261167033133305,0.5380790401632238,0.5405289524130052,0.5429769072960631
rs17003752,outcome,-0.00554237,0.7420668511885775,0.2387323413866398,0.01920080742478273,0.12098548174219094,-1.9735905091229644,0.12200375337066935,0.12141130383449997,0.12082133533447893
rs17151637,exposure,0.00751119,0.5166809263463281,0.40424856233128637,0.07907051132238552,0.5422984326088528,0.15880197094702564,0.5396172717938188,0.5414827163930628,0.5433469988723828
rs17151637,outcome,-0.00277705,0.5166809263463281,0.40424856233128637,0.07907051132238552,0.12098548174219094,-1.9791459228146875,0.12140991246295979,0.12111399710611011,0.12081870380995852
rs1899896,exposure,-0.00799277,0.49343866688346805,0.41802645921458764,0.08853487390194427,0.5422984326088528,0.18082934254007904,0.5450845499510082,0.5431018997945101,0.5411178831143941
rs1899896,outcome,0.00479354,0.49343866688346805,0.41802645921458764,0.08853487390194427,0.12098548174219094,-1.9898763857796475,0.12026994086657798,0.12077804566570922,0.12128800110709084
rs2240294,exposure,0.00695656,0.3093641111732921,0.4936819738909226,0.1969539149357853,0.5422984326088528,0.16186163034771342,0.5403772917032075,0.5421045981008618,0.543830892931872
rs2240294,outcome,-0.00783807,0.3093641111732921,0.4936819738909226,0.1969539149357853,0.12098548174219094,-1.9744289198743987,0.1219139722439448,0.121077382846462,0.12024574808605963
rs2416770,exposure,-0.00648883,0.21990578719552503,0.498070693690664,0.282023519113811,0.5422984326088528,0.17568578615201505,0.543808822710215,0.5421986165764768,0.5405875283921533
rs2416770,outcome,-0.00356678,0.21990578719552503,0.498070693690664,0.282023519113811,0.12098548174219094,-1.9797943079590776,0.12134076649005753,0.12096099976072769,0.12058225849422877
rs264974,exposure,0.00931111,0.26402481144899176,0.49961727147779966,0.23635791707320866,0.5422984326088528,0.16003228589263122,0.5399229045805676,0.5422349655182961,0.544545208727668
rs264974,outcome,-0.00471976,0.26402481144899176,0.49961727147779966,0.23635791707320866,0.12098548174219094,-1.9782908439414209,0.1215011528690244,0.12099827147981514,0.12049718598042951
rs2675609,exposure,0.00815862,0.13873520165856296,0.46747308892524,0.39379170941619707,0.5422984326088528,0.16352277619805128,0.5407898421913573,0.5428152375241849,0.5448392183640944
rs2675609,outcome,-0.00697085,0.13873520165856296,0.46747308892524,0.39379170941619707,0.12098548174219094,-1.9779526491178294,0.12153725593978398,0.12079496782329252,0.12005659364611661
rs2797116,exposure,0.00791361,0.5370791060602959,0.3915554107407036,0.07136548319900056,0.5422984326088528,0.1580011233199302,0.53941831053811,0.541383793473153,0.5433479894639194
rs2797116,outcome,-0.00396348,0.5370791060602959,0.3915554107407036,0.07136548319900056,0.12098548174219094,-1.9773298718565058,0.12160376302000923,0.12118103334843161,0.12075957117977146
rs2867749,exposure,0.00694461,0.4639468425558129,0.43437918411217674,0.10167397333201025,0.5422984326088528,0.1601396019048984,0.5399495624250251,0.541674146163471,0.543397731968793
rs2867749,outcome,-0.00328938,0.4639468425558129,0.43437918411217674,0.10167397333201025,0.12098548174219094,-1.9786577538801926,0.12146199484600673,0.12111142529544826,0.12076172849201203
rs299688,exposure,-0.00727214,0.08065435470614934,0.4066854972699503,0.5126601480239004,0.5422984326088528,0.173730582213407,0.5433237327823446,0.5415187864899197,0.5397127499367037
rs299688,outcome,-0.00190583,0.08065435470614934,0.4066854972699503,0.5126601480239004,0.12098548174219094,-1.9820554316536738,0.12109989818003367,0.12089719814619637,0.12069479080457451
rs326341,exposure,0.00658089,0.2745833406696074,0.4988473274786204,0.22656933185177217,0.5422984326088528,0.16270321591489897,0.5405863089214978,0.5422202487480214,0.5438532808600803
rs326341,outcome,0.00317532,0.2745833406696074,0.4988473274786204,0.22656933185177217,0.12098548174219094,-1.9864675608639022,0.12063107898646039,0.12096832042458362,0.12130637461196225
rs35891966,exposure,0.0147752,0.8609698352496599,0.133829534169903,0.005200630580437142,0.5422984326088528,0.14218107541280595,0.5354855093321625,0.5391587113810865,0.5428276654987831
rs35891966,outcome,-0.0122161,0.8609698352496599,0.133829534169903,0.005200630580437142,0.12098548174219094,-1.9604726322227983,0.12341590702055727,0.12210038359556084,0.1207969503277256
rs379525,exposure,-0.00649056,0.26900007001521686,0.49930419335532217,0.23169573662946097,0.5422984326088528,0.1763327162510525,0.5439693090843714,0.5423587633126259,0.5407473317190036
rs379525,outcome,-0.00185936,0.26900007001521686,0.49930419335532217,0.23169573662946097,0.12098548174219094,-1.9812092113486528,0.12118999427760069,0.12099210633574789,0.12079449710546432
rs42417,exposure,-0.00703306,0.09599788555765774,0.4276747399069785,0.4763273745353638,0.5422984326088528,0.1739582142777529,0.5433802129881344,0.5416346577358773,0.5398880799247631
rs42417,outcome,3.82937e-4,0.09599788555765774,0.4276747399069785,0.4763273745353638,0.12098548174219094,-1.9833748379351255,0.12095953774114516,0.12100026070245713,0.12104099548597773
rs4566215,exposure,0.00662191,0.21845610824339842,0.4978735520043552,0.28367033975224637,0.5422984326088528,0.16341002287131343,0.540761841331172,0.5424058665793854,0.5440489687798394
rs4566215,outcome,-0.00355462,0.21845610824339842,0.4978735520043552,0.28367033975224637,0.12098548174219094,-1.9798167045926802,0.12133837864428275,0.12095991130947041,0.12058246245233843
rs4910656,exposure,0.00684378,0.4334112383027346,0.4498570414287936,0.1167317202684719,0.5422984326088528,0.1605889952998579,0.5400611915505308,0.5417606803922724,0.5434591980844476
rs4910656,outcome,-6.96177e-4,0.4334112383027346,0.4498570414287936,0.1167317202684719,0.12098548174219094,-1.9822208312036103,0.12108229502966009,0.12100822645938701,0.12093419696409916
rs4957528,exposure,-0.00847499,0.04325051823459759,0.32943414230075496,0.6273153394646475,0.5422984326088528,0.1731251834910325,0.543173515467022,0.5410698078005725,0.5389646351738776
rs4957528,outcome,0.00362883,0.04325051823459759,0.32943414230075496,0.6273153394646475,0.12098548174219094,-1.984648666789789,0.12082415903247844,0.12121016467927678,0.12159723296444194
rs523528,exposure,0.00807083,0.1717180840635591,0.4853414475540948,0.3429404683823461,0.5422984326088528,0.1629115846106722,0.5406380574226055,0.5426417682772752,0.5446441004418461
rs523528,outcome,0.00292512,0.1717180840635591,0.4853414475540948,0.3429404683823461,0.12098548174219094,-1.985563617400644,0.12072700149355332,0.12103785345359407,0.12134939534279565
rs528301,exposure,-0.00860082,0.20069163963321307,0.49458913020434114,0.3047192301624458,0.5422984326088528,0.17730678079386514,0.5442109316934104,0.5420767395410233,0.5399410021342972
rs528301,outcome,0.0124616,0.20069163963321307,0.49458913020434114,0.3047192301624458,0.12098548174219094,-1.9943332131107696,0.11979918336962792,0.12111946421655963,0.12245227134399453
rs55921136,exposure,0.00859503,0.6351822179634429,0.3236019601598609,0.04121582187669616,0.5422984326088528,0.15589999747926853,0.5388962507676059,0.5410312777752002,0.5431647994240791
rs55921136,outcome,-0.00696528,0.6351822179634429,0.3236019601598609,0.04121582187669616,0.12098548174219094,-1.9720398701672395,0.12216995339550843,0.12142492941760433,0.12068382417032093
rs568599,exposure,-0.00670268,0.20900108862615813,0.4963305600510314,0.2946683513228105,0.5422984326088528,0.17572856300267684,0.5438194348051062,0.5421561526166293,0.5404919302146339
rs568599,outcome,0.00433463,0.20900108862615813,0.4963305600510314,0.2946683513228105,0.12098548174219094,-1.9871047786440474,0.12056349975917632,0.12102384808048727,0.12148571133611659
rs5850689,exposure,0.0119733,0.13419801758311672,0.4642649166610541,0.4015370657558292,0.5422984326088528,0.16082963534464875,0.5401209647822228,0.543093552973851,0.5460630752392651
rs5850689,outcome,-0.00388794,0.13419801758311672,0.4642649166610541,0.4015370657558292,0.12098548174219094,-1.9802912972210194,0.12128778886496194,0.12087403338493354,0.12046149587494656
rs60745548,exposure,0.00719455,0.07471006743428299,0.3972427134549066,0.5280472191108104,0.5422984326088528,0.1656670427511729,0.5413222944003058,0.5431081083586959,0.5448928149483337
rs60745548,outcome,0.00623526,0.07471006743428299,0.3972427134549066,0.5280472191108104,0.12098548174219094,-1.9865523258812845,0.1206220874685308,0.1212850425436827,0.1219511360055752
rs6141314,exposure,-0.00806157,0.5735636592066022,0.3675523958585649,0.05888394493483285,0.5422984326088528,0.18181084657710508,0.5453279201499912,0.5433283712812044,0.5413274250682634
rs6141314,outcome,0.00105335,0.5735636592066022,0.3675523958585649,0.05888394493483285,0.12098548174219094,-1.9847333160930194,0.1208151673911534,0.12092709772643091,0.12103911748417541
rs6265,exposure,0.0101598,0.658258551347346,0.3061455872656657,0.03559586138698828,0.5422984326088528,0.15311458532205766,0.5382040372810853,0.5407281571232216,0.5432501889365745
rs6265,outcome,-0.00438064,0.658258551347346,0.3061455872656657,0.03559586138698828,0.12098548174219094,-1.9760306596553003,0.12174260828362035,0.1212749999394128,0.12080894060145748
rs6433897,exposure,-0.00723535,0.06933716196050109,0.3879646870172347,0.5426981510222643,0.5422984326088528,0.17341041617106762,0.5432442911048352,0.5414484301383842,0.5396514917180171
rs6433897,outcome,-0.00115882,0.06933716196050109,0.3879646870172347,0.5426981510222643,0.12098548174219094,-1.9825273422099092,0.1210496794958763,0.12092643905761159,0.12080330684542578
rs6676022,exposure,0.0115926,0.7713789701059194,0.21380571659758005,0.014815313296500616,0.5422984326088528,0.14923726056268363,0.5372402236729213,0.5401210207241995,0.5429991392938239
rs6676022,outcome,-0.0153059,0.7713789701059194,0.21380571659758005,0.014815313296500616,0.12098548174219094,-1.9562682116226195,0.12387148047498027,0.12221991220792637,0.12058733337649707
rs6690680,exposure,0.00884091,0.7094688502202462,0.26566177744170877,0.02486937233804503,0.5422984326088528,0.15470666434891728,0.5385997091714385,0.5407960004634025,0.5429907080475699
rs6690680,outcome,-0.00502186,0.7094688502202462,0.26566177744170877,0.02486937233804503,0.12098548174219094,-1.9746793148328208,0.1218871697619178,0.12135069643197723,0.12081625945917641
rs6828849,exposure,0.00671224,0.33956940632180804,0.4863128703047728,0.17411772337341902,0.5422984326088528,0.1617773031846067,0.5403563473218697,0.5420230178067118,0.5436887483294595
rs6828849,outcome,8.05002e-4,0.33956940632180804,0.4863128703047728,0.17411772337341902,0.12098548174219094,-1.9840759090335003,0.12088501383007914,0.120970588975482,0.12105621635810047
rs71550128,exposure,-0.00739503,0.2008016875941081,0.4946146509507543,0.3045836614551376,0.5422984326088528,0.17622784188871116,0.5439432931274633,0.54210822756285,0.5402720187994373
rs71550128,outcome,0.0034139,0.2008016875941081,0.4946146509507543,0.3045836614551376,0.12098548174219094,-1.9861996270722184,0.12065950408368822,0.12102219090262922,0.12138581741928944
rs72505558,exposure,0.00674371,0.3617072388818728,0.4794275548936982,0.15886520622442893,0.5422984326088528,0.161488472471072,0.5402846092075367,0.5419591314197856,0.5436327062573667
rs72505558,outcome,-9.87565e-4,0.3617072388818728,0.4794275548936982,0.15886520622442893,0.12098548174219094,-1.9819496531105587,0.12111115714013784,0.12100607684433803,0.1209010751782467
rs72678864,exposure,0.00975375,0.6825787158431593,0.2872090117434182,0.03021227241342263,0.5422984326088528,0.15348356463288293,0.5382957422718454,0.5407189509292503,0.5431402355510035
rs72678864,outcome,-0.00343942,0.6825787158431593,0.2872090117434182,0.03021227241342263,0.12098548174219094,-1.9774549854443193,0.12159039948368151,0.12122352604283734,0.12085760726178625
rs7333559,exposure,0.00805229,0.043993530945557836,0.3315056362363146,0.6245008328181275,0.5422984326088528,0.16622220004171184,0.5414601326084938,0.543458685670522,0.545455840474343
rs7333559,outcome,-0.0183846,0.043993530945557836,0.3315056362363146,0.6245008328181275,0.12098548174219094,-1.975466865341876,0.12180290278703047,0.11984999169505883,0.1179241878133282
rs7451586,exposure,-0.00667322,0.35411819060684374,0.48192023134928735,0.16396157804386893,0.5422984326088528,0.17754222499650313,0.5442693319351355,0.542613621952663,0.5409569700370872
rs7451586,outcome,0.00274319,0.35411819060684374,0.48192023134928735,0.16396157804386893,0.12098548174219094,-1.9864040673884973,0.12063781448715756,0.12092912694169676,0.12122104587684801
rs748828,exposure,0.00862128,0.51397704991203,0.4058897548714644,0.08013319521650564,0.5422984326088528,0.15723887904417502,0.5392289281656848,0.5413702433385216,0.5435100316034064
rs748828,outcome,-0.00472289,0.51397704991203,0.4058897548714644,0.08013319521650564,0.12098548174219094,-1.9763683133086127,0.12170651051140748,0.12120256304731997,0.120700415502598
rs7528604,exposure,0.00686585,0.32137160904789086,0.4910497242845999,0.18757866666750922,0.5422984326088528,0.1618156948201257,0.5403658826900222,0.5420706787686721,0.5437744902715841
rs7528604,outcome,-1.82022e-4,0.32137160904789086,0.4910497242845999,0.18757866666750922,0.12098548174219094,-1.9829311005270456,0.12100672753409042,0.12098736826353972,0.1209680116639441
rs7567570,exposure,-0.00913239,0.029962510591952478,0.2862686274692873,0.6837688619387602,0.5422984326088528,0.1727617200345369,0.5430833256672288,0.5408163032499762,0.5385475901472462
rs7567570,outcome,-2.45124e-4,0.029962510591952478,0.2862686274692873,0.6837688619387602,0.12098548174219094,-1.983052629370294,0.12099380182348032,0.12096773425351906,0.12094167152697873
rs763053,exposure,0.00806179,0.6013164173843945,0.34825906008964314,0.05042452252596241,0.5422984326088528,0.1570971663391855,0.5391937178766835,0.5411961377251407,0.5431972279566057
rs763053,outcome,-0.00692104,0.6013164173843945,0.34825906008964314,0.05042452252596241,0.12098548174219094,-1.9724089154136826,0.12213038085715823,0.1213902831569324,0.12065405396837513
rs76608582,exposure,0.0182891,0.9070038984739079,0.09072724864136827,0.002268852884723697,0.5422984326088528,0.13476461519184935,0.5336402560721681,0.5381889085562614,0.5427312117232944
rs76608582,outcome,-0.00481919,0.9070038984739079,0.09072724864136827,0.002268852884723697,0.12098548174219094,-1.9739580443065012,0.121964388898284,0.12144924578837422,0.12093597881159134
rs772921,exposure,0.00727251,0.4315416085811151,0.45075331541115665,0.11770507600772813,0.5422984326088528,0.1600452887573158,0.5399261345705981,0.5417321366334659,0.5435370427999733
rs772921,outcome,-0.00548372,0.4315416085811151,0.45075331541115665,0.11770507600772813,0.12098548174219094,-1.9759371507449819,0.12175260673578063,0.12116745372859479,0.12058472688249619
rs77878475,exposure,0.012595,0.8356836043058179,0.15694742985278123,0.007368965841400975,0.5422984326088528,0.1465726237442141,0.5365776945260701,0.5397081097738242,0.542835395438775
rs77878475,outcome,0.00109853,0.8356836043058179,0.15694742985278123,0.007368965841400975,0.12098548174219094,-1.9851462513682214,0.12077131274317572,0.12088800941678633,0.12100480333125388
rs7870475,exposure,-0.00718996,0.2763345801620434,0.4986815521635081,0.2249838676744484,0.5422984326088528,0.1771593995103883,0.5441743742068157,0.5423903555772099,0.5406052491366451
rs7870475,outcome,0.00825979,0.2763345801620434,0.4986815521635081,0.2249838676744484,0.12098548174219094,-1.9918353574206962,0.12006282584613055,0.12093819613440925,0.12181906512549771
rs7948789,exposure,-0.0161713,0.376770589941459,0.4740916478656055,0.14913776219293548,0.5422984326088528,0.18945682171704986,0.5472230383236122,0.5432133008852046,0.5391979555187404
rs7948789,outcome,9.33593e-4,0.376770589941459,0.4740916478656055,0.14913776219293548,0.12098548174219094,-1.984283888337363,0.1208629132320943,0.12096214733880532,0.1210614517017409
rs883403,exposure,0.00942401,0.7156415265936732,0.26062891449143705,0.023729558914889738,0.5422984326088528,0.15365556321544782,0.5383384893889059,0.5406797768638252,0.543019269897004
rs883403,outcome,-0.00147257,0.7156415265936732,0.26062891449143705,0.023729558914889738,0.12098548174219094,-1.9806459733998896,0.12124999359722671,0.12109318106007735,0.12093654341769451
rs9375371,exposure,-0.00739626,0.5345686802687488,0.39314671619827646,0.07228460353297472,0.5422984326088528,0.18041548256006035,0.544981924261291,0.5431472226201571,0.5413113496009311
rs9375371,outcome,-0.00698522,0.5345686802687488,0.39314671619827646,0.07228460353297472,0.12098548174219094,-1.9729293226272082,0.12207459660247366,0.12132794799183234,0.12058523887659921
rs9381917,exposure,0.0112569,0.8063218059946098,0.18326485560550698,0.010413338399883187,0.5422984326088528,0.14938380842163435,0.5372766572011672,0.5400740368100198,0.5428688937349041
rs9381917,outcome,-0.0155636,0.8063218059946098,0.18326485560550698,0.010413338399883187,0.12098548174219094,-1.9552009562039891,0.12398735336654966,0.1223067896638514,0.12064586770638422
rs9423279,exposure,0.0076695,0.11794275664732479,0.45097038614081364,0.4310868572118616,0.5422984326088528,0.16433244965423388,0.5409909067601834,0.5428947871749387,0.5447974153246676
rs9423279,outcome,0.00467162,0.11794275664732479,0.45097038614081364,0.4310868572118616,0.12098548174219094,-1.9863503218805223,0.12064351615973007,0.12114000102918232,0.12163824645858996
rs9487626,exposure,0.0131029,0.03322456523414815,0.29810300700533393,0.6686724277605179,0.5422984326088528,0.1648246719633628,0.541113132810168,0.5443649118522945,0.547612912567984
rs9487626,outcome,-0.0136868,0.03322456523414815,0.29810300700533393,0.6686724277605179,0.12098548174219094,-1.97816853768026,0.12151420827524555,0.12006071499281325,0.11862226004888515
rs9835772,exposure,-0.00780241,0.5737176980315671,0.367447699138033,0.05883460283039999,0.5422984326088528,0.18141982466973275,0.5452309663575204,0.5432956531681343,0.5413590320055475
rs9835772,outcome,-0.0031275,0.5737176980315671,0.367447699138033,0.05883460283039999,0.12098548174219094,-1.978400543901744,0.1214894441325208,0.12115604176168361,0.12082342850847835
